variety,score
,88.55
Abouriou,85.0
Aglianico,88.62
Albariño,88.53
Alicante Bouschet,88.33
Aligoté,87.0
Alvarelhão,85.0
Alvarinho,84.0
Apple,89.0
Arneis,87.79
Auxerrois,89.0
Baco Noir,86.0
Barbera,87.64
Barbera-Nebbiolo,87.0
Black Monukka,91.0
Black Muscat,88.18
Blanc du Bois,85.0
Blaufränkisch,88.31
Bordeaux-style Red Blend,89.69
Bordeaux-style White Blend,88.5
Cabernet,89.0
Cabernet Blend,88.79
Cabernet Franc,87.94
Cabernet Franc-Cabernet Sauvignon,86.0
Cabernet Franc-Lemberger,87.0
Cabernet Franc-Merlot,88.61
Cabernet Merlot,84.5
Cabernet Pfeffer,87.5
Cabernet Sauvignon,89.02
Cabernet Sauvignon-Barbera,84.0
Cabernet Sauvignon-Cabernet Franc,89.0
Cabernet Sauvignon-Carmenère,87.0
Cabernet Sauvignon-Malbec,89.33
Cabernet Sauvignon-Merlot,88.03
Cabernet Sauvignon-Sangiovese,89.0
Cabernet Sauvignon-Shiraz,83.0
Cabernet Sauvignon-Syrah,89.94
Cabernet Sauvignon-Tempranillo,87.0
Cabernet-Shiraz,86.0
Cabernet-Syrah,89.0
Carignan,89.33
Carignan-Grenache,88.5
Carignane,88.77
Carmenère,87.9
Cayuga,84.5
Chambourcin,83.72
Champagne Blend,88.15
Chancellor,80.5
Charbono,88.64
Chardonel,83.0
Chardonnay,88.45
Chardonnay-Albariño,91.5
Chardonnay-Pinot Blanc,88.0
Chardonnay-Semillon,84.5
Chardonnay-Viognier,85.25
Chelois,83.0
Chenin Blanc,88.36
Chenin Blanc-Viognier,87.33
Cinsault,89.36
Clairette,89.0
Claret,88.3
Colombard,88.25
Cortese,85.0
Counoise,89.0
Debit,89.0
Diamond,86.0
Dolcetto,87.17
Dornfelder,90.0
Edelzwicker,88.33
Falanghina,89.0
Fiano,88.5
Fumé Blanc,87.89
G-S-M,88.91
Gamay,87.2
Gamay Noir,87.7
Garnacha,87.85
Garnacha Blanca,89.0
Gewürztraminer,87.8
Gewürztraminer-Riesling,89.0
Graciano,89.77
Greco,87.0
Grenache,89.07
Grenache Blanc,88.88
Grenache Blend,91.0
Grenache Noir,90.5
Grenache-Carignan,90.6
Grenache-Mourvèdre,87.2
Grenache-Syrah,89.16
Grüner Veltliner,88.55
Jacquez,85.0
Johannisberg Riesling,86.11
Kerner,90.0
Lagrein,87.71
Lemberger,87.07
Madeira Blend,88.0
Madeleine Angevine,85.5
Malbec,88.37
Malbec-Cabernet Sauvignon,92.0
Malbec-Merlot,87.33
Malbec-Syrah,87.0
Malbec-Tannat,91.0
Malvasia,85.0
Malvasia Bianca,88.69
Marquette,84.5
Marsanne,87.59
Marsanne-Roussanne,87.12
Marsanne-Viognier,86.5
Mataro,87.33
Melon,88.0
Meritage,87.57
Merlot,87.39
Merlot-Cabernet,88.83
Merlot-Cabernet Franc,88.94
Merlot-Cabernet Sauvignon,88.57
Merlot-Malbec,87.0
Merlot-Petite Verdot,83.0
Mission,89.43
Monastrell,91.0
Mondeuse,87.0
Montepulciano,87.05
Morio Muskat,87.0
Moscato,86.35
Moscato Giallo,94.0
Mourvèdre,89.1
Mourvèdre-Syrah,90.5
Muscadine,85.5
Muscat,87.94
Muscat Blanc,88.27
Muscat Canelli,87.47
Muscat Hamburg,88.0
Muscat d'Alexandrie,87.0
Muskat,91.0
Muskat Ottonel,86.29
Müller-Thurgau,84.9
Nebbiolo,88.34
Negrette,85.5
Negroamaro,90.0
Nero d'Avola,88.0
Norton,84.07
Orange Muscat,88.2
Palomino,86.0
Petit Manseng,85.59
Petit Verdot,88.18
Petite Sirah,88.18
Petite Verdot,88.71
Picpoul,89.87
Pinot Auxerrois,89.0
Pinot Blanc,88.02
Pinot Blanc-Chardonnay,86.0
Pinot Blanc-Pinot Noir,85.0
Pinot Blanc-Viognier,87.0
Pinot Grigio,85.94
Pinot Grigio-Sauvignon Blanc,87.0
Pinot Gris,88.01
Pinot Gris-Gewürztraminer,90.0
Pinot Meunier,88.04
Pinot Nero,86.0
Pinot Noir,89.61
Pinot Noir-Syrah,90.5
Pinot-Chardonnay,89.5
Pinotage,87.25
Port,87.79
Primitivo,87.21
Red Blend,87.84
Refosco,89.0
Rhône-style Red Blend,89.38
Rhône-style White Blend,88.64
Ribolla Gialla,85.5
Riesling,87.94
Riesling-Chardonnay,94.0
Rkatsiteli,85.8
Rosado,87.0
Rosato,88.2
Rosé,87.24
Roussanne,88.4
Roussanne-Marsanne,86.0
Roussanne-Viognier,89.15
Sagrantino,87.33
Sangiovese,87.19
Sangiovese Cabernet,88.5
Sangiovese Grosso,87.0
Sangiovese-Cabernet Sauvignon,86.0
Sangiovese-Syrah,88.2
Saperavi,85.67
Sauvignon Blanc,87.49
Sauvignon Blanc-Chenin Blanc,87.0
Sauvignon Blanc-Semillon,88.82
Sauvignon Gris,92.0
Sauvignon Musqué,87.0
Scheurebe,90.0
Semillon-Chardonnay,86.33
Semillon-Sauvignon Blanc,89.38
Seyval Blanc,84.19
Sherry,89.5
Shiraz,86.18
Siegerrebe,84.0
Silvaner,86.0
Souzao,86.67
Sparkling Blend,88.95
St. Vincent,85.0
Symphony,85.4
Syrah,89.44
Syrah-Cabernet,88.14
Syrah-Cabernet Franc,90.67
Syrah-Cabernet Sauvignon,89.5
Syrah-Grenache,89.35
Syrah-Grenache-Viognier,90.0
Syrah-Merlot,88.0
Syrah-Mourvèdre,88.3
Syrah-Petit Verdot,94.0
Syrah-Petite Sirah,89.75
Syrah-Tempranillo,89.8
Syrah-Viognier,89.62
Sémillon,88.58
Tannat,88.27
Tannat-Syrah,93.0
Tempranillo,87.65
Tempranillo Blend,87.17
Tempranillo-Cabernet Sauvignon,92.0
Tempranillo-Garnacha,87.0
Tempranillo-Syrah,91.0
Teroldego,88.29
Tinta Amarela,90.0
Tinta Madeira,89.0
Tocai Friulano,87.47
Torrontés,89.8
Touriga,89.33
Touriga Nacional,86.89
Touriga Nacional Blend,93.0
Traminette,84.11
Trebbiano,86.33
Trousseau Gris,90.0
Ugni Blanc,90.67
Valdiguié,86.4
Valvin Muscat,87.0
Verdejo,84.67
Verdelho,87.08
Vermentino,87.76
Vidal,85.67
Vidal Blanc,86.24
Vignoles,85.45
Viognier,87.84
Viognier-Chardonnay,86.0
Viognier-Gewürztraminer,86.0
Viognier-Grenache Blanc,91.0
Viognier-Marsanne,88.0
Viognier-Roussanne,88.67
Viognier-Valdiguié,84.0
White Blend,87.14
White Port,92.0
White Riesling,88.64
Zinfandel,87.83
Zweigelt,88.14
