{
    "name":"Root",
    "nodeNo": 0,
    "value": 1,
    "status": "In",
    "type": "MainNode",
    "mainRoot": "Root1",
    "nodeBefore": "null",
    "linkWidth": 0,
    "description": "",
    "children": [{
        "name": "Node1",
        "nodeNo": 1,
        "value": 5,
        "status": "In",
        "type": "Small",
        "mainRoot": "Root1",
        "nodeBefore": "Node1",
        "linkWidth": 10,
        "description": ""
        }, {
        "name": "Node2",
        "nodeNo": 2,
        "value": 10,
        "status": "In",
        "type": "Medium",
        "mainRoot": "Root1",
        "nodeBefore": "Node2",
        "linkWidth": 15,
        "description": ""
        }, {
        "name": "Node3",
        "nodeNo": 3,
        "value": 5,
        "status": "Out",
        "type": "Large",
        "mainRoot": "Root1",
        "nodeBefore": "Node3",
        "linkWidth": 50,
        "description": ""
        }
    ]
}